[{
  "lobId": 25,
  "lobName": "Commercial Crime",
  "circumstanceId": 0,
  "circumstanceName": "General Circumstances",
  "minDays": 0,
  "maxDays": null,
  "minDate": "2021-07-26",
  "maxDate": null,
  "isCompanyDaysNotice": false
},
{
  "lobId": 33,
  "lobName": "Commercial Farmowners/Ranchowners",
  "circumstanceId": 290,
  "circumstanceName": "Imposition of wind exclusion or addition/increase of hurricane deductible",
  "minDays": 120,
  "maxDays": null,
  "minDate": "2021-11-23",
  "maxDate": null,
  "isCompanyDaysNotice": false
},
{
  "lobId": 20,
  "lobName": "Commercial Inland Marine",
  "circumstanceId": 290,
  "circumstanceName": "Imposition of wind exclusion or addition/increase of hurricane deductible",
  "minDays": 120,
  "maxDays": null,
  "minDate": "2021-11-23",
  "maxDate": null,
  "isCompanyDaysNotice": false
},
{
  "lobId": 19,
  "lobName": "Commercial Property",
  "circumstanceId": 290,
  "circumstanceName": "Imposition of wind exclusion or addition/increase of hurricane deductible",
  "minDays": 120,
  "maxDays": null,
  "minDate": "2021-11-23",
  "maxDate": null,
  "isCompanyDaysNotice": false
},
{
  "lobId": 18,
  "lobName": "Commercial Automobile",
  "circumstanceId": 164,
  "circumstanceName": "Premium Increase of greater than 15%",
  "minDays": 30,
  "maxDays": null,
  "minDate": "2021-08-25",
  "maxDate": null,
  "isCompanyDaysNotice": false
},
{
  "lobId": 25,
  "lobName": "Commercial Crime",
  "circumstanceId": 164,
  "circumstanceName": "Premium Increase of greater than 15%",
  "minDays": 30,
  "maxDays": null,
  "minDate": "2021-08-25",
  "maxDate": null,
  "isCompanyDaysNotice": false
},
{
  "lobId": 34,
  "lobName": "Commercial Crop/Hail",
  "circumstanceId": 164,
  "circumstanceName": "Premium Increase of greater than 15%",
  "minDays": 30,
  "maxDays": null,
  "minDate": "2021-08-25",
  "maxDate": null,
  "isCompanyDaysNotice": false
},
{
  "lobId": 27,
  "lobName": "Commercial Earthquake",
  "circumstanceId": 164,
  "circumstanceName": "Premium Increase of greater than 15%",
  "minDays": 30,
  "maxDays": null,
  "minDate": "2021-08-25",
  "maxDate": null,
  "isCompanyDaysNotice": false
},
{
  "lobId": 33,
  "lobName": "Commercial Farmowners/Ranchowners",
  "circumstanceId": 164,
  "circumstanceName": "Premium Increase of greater than 15%",
  "minDays": 30,
  "maxDays": null,
  "minDate": "2021-08-25",
  "maxDate": null,
  "isCompanyDaysNotice": false
},
{
  "lobId": 6,
  "lobName": "Commercial General Liability",
  "circumstanceId": 164,
  "circumstanceName": "Premium Increase of greater than 15%",
  "minDays": 30,
  "maxDays": null,
  "minDate": "2021-08-25",
  "maxDate": null,
  "isCompanyDaysNotice": false
},
{
  "lobId": 20,
  "lobName": "Commercial Inland Marine",
  "circumstanceId": 331,
  "circumstanceName": "Portable Electronics",
  "minDays": 30,
  "maxDays": null,
  "minDate": "2021-08-25",
  "maxDate": null,
  "isCompanyDaysNotice": false
},
{
  "lobId": 20,
  "lobName": "Commercial Inland Marine",
  "circumstanceId": 164,
  "circumstanceName": "Premium Increase of greater than 15%",
  "minDays": 30,
  "maxDays": null,
  "minDate": "2021-08-25",
  "maxDate": null,
  "isCompanyDaysNotice": false
},
{
  "lobId": 32,
  "lobName": "Commercial Medical Malpractice",
  "circumstanceId": 164,
  "circumstanceName": "Premium Increase of greater than 15%",
  "minDays": 30,
  "maxDays": null,
  "minDate": "2021-08-25",
  "maxDate": null,
  "isCompanyDaysNotice": false
},
{
  "lobId": 14,
  "lobName": "Commercial Professional Liability",
  "circumstanceId": 164,
  "circumstanceName": "Premium Increase of greater than 15%",
  "minDays": 30,
  "maxDays": null,
  "minDate": "2021-08-25",
  "maxDate": null,
  "isCompanyDaysNotice": false
},
{
  "lobId": 19,
  "lobName": "Commercial Property",
  "circumstanceId": 331,
  "circumstanceName": "Portable Electronics",
  "minDays": 30,
  "maxDays": null,
  "minDate": "2021-08-25",
  "maxDate": null,
  "isCompanyDaysNotice": false
},
{
  "lobId": 19,
  "lobName": "Commercial Property",
  "circumstanceId": 164,
  "circumstanceName": "Premium Increase of greater than 15%",
  "minDays": 30,
  "maxDays": null,
  "minDate": "2021-08-25",
  "maxDate": null,
  "isCompanyDaysNotice": false
},
{
  "lobId": 23,
  "lobName": "Commercial Umbrella/Excess Liability",
  "circumstanceId": 164,
  "circumstanceName": "Premium Increase of greater than 15%",
  "minDays": 30,
  "maxDays": null,
  "minDate": "2021-08-25",
  "maxDate": null,
  "isCompanyDaysNotice": false
},
{
  "lobId": 36,
  "lobName": "Commercial Workers' Compensation",
  "circumstanceId": 164,
  "circumstanceName": "Premium Increase of greater than 15%",
  "minDays": 30,
  "maxDays": null,
  "minDate": "2021-08-25",
  "maxDate": null,
  "isCompanyDaysNotice": false
},
{
  "lobId": 18,
  "lobName": "Commercial Automobile",
  "circumstanceId": 8,
  "circumstanceName": "Action due to Consumer Report Information",
  "minDays": 0,
  "maxDays": null,
  "minDate": "2021-07-26",
  "maxDate": null,
  "isCompanyDaysNotice": false
},
{
  "lobId": 18,
  "lobName": "Commercial Automobile",
  "circumstanceId": 2,
  "circumstanceName": "Domestic Violence",
  "minDays": 0,
  "maxDays": null,
  "minDate": "2021-07-26",
  "maxDate": null,
  "isCompanyDaysNotice": false
},
{
  "lobId": 18,
  "lobName": "Commercial Automobile",
  "circumstanceId": 0,
  "circumstanceName": "General Circumstances",
  "minDays": 0,
  "maxDays": null,
  "minDate": "2021-07-26",
  "maxDate": null,
  "isCompanyDaysNotice": false
},
{
  "lobId": 25,
  "lobName": "Commercial Crime",
  "circumstanceId": 8,
  "circumstanceName": "Action due to Consumer Report Information",
  "minDays": 0,
  "maxDays": null,
  "minDate": "2021-07-26",
  "maxDate": null,
  "isCompanyDaysNotice": false
},
{
  "lobId": 25,
  "lobName": "Commercial Crime",
  "circumstanceId": 2,
  "circumstanceName": "Domestic Violence",
  "minDays": 0,
  "maxDays": null,
  "minDate": "2021-07-26",
  "maxDate": null,
  "isCompanyDaysNotice": false
},
{
  "lobId": 34,
  "lobName": "Commercial Crop/Hail",
  "circumstanceId": 8,
  "circumstanceName": "Action due to Consumer Report Information",
  "minDays": 0,
  "maxDays": null,
  "minDate": "2021-07-26",
  "maxDate": null,
  "isCompanyDaysNotice": false
},
{
  "lobId": 34,
  "lobName": "Commercial Crop/Hail",
  "circumstanceId": 2,
  "circumstanceName": "Domestic Violence",
  "minDays": 0,
  "maxDays": null,
  "minDate": "2021-07-26",
  "maxDate": null,
  "isCompanyDaysNotice": false
},
{
  "lobId": 34,
  "lobName": "Commercial Crop/Hail",
  "circumstanceId": 0,
  "circumstanceName": "General Circumstances",
  "minDays": 0,
  "maxDays": null,
  "minDate": "2021-07-26",
  "maxDate": null,
  "isCompanyDaysNotice": false
},
{
  "lobId": 27,
  "lobName": "Commercial Earthquake",
  "circumstanceId": 8,
  "circumstanceName": "Action due to Consumer Report Information",
  "minDays": 0,
  "maxDays": null,
  "minDate": "2021-07-26",
  "maxDate": null,
  "isCompanyDaysNotice": false
},
{
  "lobId": 27,
  "lobName": "Commercial Earthquake",
  "circumstanceId": 2,
  "circumstanceName": "Domestic Violence",
  "minDays": 0,
  "maxDays": null,
  "minDate": "2021-07-26",
  "maxDate": null,
  "isCompanyDaysNotice": false
},
{
  "lobId": 27,
  "lobName": "Commercial Earthquake",
  "circumstanceId": 0,
  "circumstanceName": "General Circumstances",
  "minDays": 0,
  "maxDays": null,
  "minDate": "2021-07-26",
  "maxDate": null,
  "isCompanyDaysNotice": false
},
{
  "lobId": 33,
  "lobName": "Commercial Farmowners/Ranchowners",
  "circumstanceId": 8,
  "circumstanceName": "Action due to Consumer Report Information",
  "minDays": 0,
  "maxDays": null,
  "minDate": "2021-07-26",
  "maxDate": null,
  "isCompanyDaysNotice": false
},
{
  "lobId": 33,
  "lobName": "Commercial Farmowners/Ranchowners",
  "circumstanceId": 2,
  "circumstanceName": "Domestic Violence",
  "minDays": 0,
  "maxDays": null,
  "minDate": "2021-07-26",
  "maxDate": null,
  "isCompanyDaysNotice": false
},
{
  "lobId": 33,
  "lobName": "Commercial Farmowners/Ranchowners",
  "circumstanceId": 0,
  "circumstanceName": "General Circumstances",
  "minDays": 0,
  "maxDays": null,
  "minDate": "2021-07-26",
  "maxDate": null,
  "isCompanyDaysNotice": false
},
{
  "lobId": 6,
  "lobName": "Commercial General Liability",
  "circumstanceId": 8,
  "circumstanceName": "Action due to Consumer Report Information",
  "minDays": 0,
  "maxDays": null,
  "minDate": "2021-07-26",
  "maxDate": null,
  "isCompanyDaysNotice": false
},
{
  "lobId": 6,
  "lobName": "Commercial General Liability",
  "circumstanceId": 2,
  "circumstanceName": "Domestic Violence",
  "minDays": 0,
  "maxDays": null,
  "minDate": "2021-07-26",
  "maxDate": null,
  "isCompanyDaysNotice": false
},
{
  "lobId": 6,
  "lobName": "Commercial General Liability",
  "circumstanceId": 0,
  "circumstanceName": "General Circumstances",
  "minDays": 0,
  "maxDays": null,
  "minDate": "2021-07-26",
  "maxDate": null,
  "isCompanyDaysNotice": false
},
{
  "lobId": 20,
  "lobName": "Commercial Inland Marine",
  "circumstanceId": 8,
  "circumstanceName": "Action due to Consumer Report Information",
  "minDays": 0,
  "maxDays": null,
  "minDate": "2021-07-26",
  "maxDate": null,
  "isCompanyDaysNotice": false
},
{
  "lobId": 20,
  "lobName": "Commercial Inland Marine",
  "circumstanceId": 2,
  "circumstanceName": "Domestic Violence",
  "minDays": 0,
  "maxDays": null,
  "minDate": "2021-07-26",
  "maxDate": null,
  "isCompanyDaysNotice": false
},
{
  "lobId": 20,
  "lobName": "Commercial Inland Marine",
  "circumstanceId": 0,
  "circumstanceName": "General Circumstances",
  "minDays": 0,
  "maxDays": null,
  "minDate": "2021-07-26",
  "maxDate": null,
  "isCompanyDaysNotice": false
},
{
  "lobId": 32,
  "lobName": "Commercial Medical Malpractice",
  "circumstanceId": 8,
  "circumstanceName": "Action due to Consumer Report Information",
  "minDays": 0,
  "maxDays": null,
  "minDate": "2021-07-26",
  "maxDate": null,
  "isCompanyDaysNotice": false
},
{
  "lobId": 32,
  "lobName": "Commercial Medical Malpractice",
  "circumstanceId": 2,
  "circumstanceName": "Domestic Violence",
  "minDays": 0,
  "maxDays": null,
  "minDate": "2021-07-26",
  "maxDate": null,
  "isCompanyDaysNotice": false
},
{
  "lobId": 32,
  "lobName": "Commercial Medical Malpractice",
  "circumstanceId": 0,
  "circumstanceName": "General Circumstances",
  "minDays": 0,
  "maxDays": null,
  "minDate": "2021-07-26",
  "maxDate": null,
  "isCompanyDaysNotice": false
},
{
  "lobId": 14,
  "lobName": "Commercial Professional Liability",
  "circumstanceId": 8,
  "circumstanceName": "Action due to Consumer Report Information",
  "minDays": 0,
  "maxDays": null,
  "minDate": "2021-07-26",
  "maxDate": null,
  "isCompanyDaysNotice": false
},
{
  "lobId": 14,
  "lobName": "Commercial Professional Liability",
  "circumstanceId": 2,
  "circumstanceName": "Domestic Violence",
  "minDays": 0,
  "maxDays": null,
  "minDate": "2021-07-26",
  "maxDate": null,
  "isCompanyDaysNotice": false
},
{
  "lobId": 14,
  "lobName": "Commercial Professional Liability",
  "circumstanceId": 0,
  "circumstanceName": "General Circumstances",
  "minDays": 0,
  "maxDays": null,
  "minDate": "2021-07-26",
  "maxDate": null,
  "isCompanyDaysNotice": false
},
{
  "lobId": 19,
  "lobName": "Commercial Property",
  "circumstanceId": 8,
  "circumstanceName": "Action due to Consumer Report Information",
  "minDays": 0,
  "maxDays": null,
  "minDate": "2021-07-26",
  "maxDate": null,
  "isCompanyDaysNotice": false
},
{
  "lobId": 19,
  "lobName": "Commercial Property",
  "circumstanceId": 2,
  "circumstanceName": "Domestic Violence",
  "minDays": 0,
  "maxDays": null,
  "minDate": "2021-07-26",
  "maxDate": null,
  "isCompanyDaysNotice": false
},
{
  "lobId": 19,
  "lobName": "Commercial Property",
  "circumstanceId": 0,
  "circumstanceName": "General Circumstances",
  "minDays": 0,
  "maxDays": null,
  "minDate": "2021-07-26",
  "maxDate": null,
  "isCompanyDaysNotice": false
},
{
  "lobId": 23,
  "lobName": "Commercial Umbrella/Excess Liability",
  "circumstanceId": 8,
  "circumstanceName": "Action due to Consumer Report Information",
  "minDays": 0,
  "maxDays": null,
  "minDate": "2021-07-26",
  "maxDate": null,
  "isCompanyDaysNotice": false
},
{
  "lobId": 23,
  "lobName": "Commercial Umbrella/Excess Liability",
  "circumstanceId": 2,
  "circumstanceName": "Domestic Violence",
  "minDays": 0,
  "maxDays": null,
  "minDate": "2021-07-26",
  "maxDate": null,
  "isCompanyDaysNotice": false
},
{
  "lobId": 23,
  "lobName": "Commercial Umbrella/Excess Liability",
  "circumstanceId": 0,
  "circumstanceName": "General Circumstances",
  "minDays": 0,
  "maxDays": null,
  "minDate": "2021-07-26",
  "maxDate": null,
  "isCompanyDaysNotice": false
},
{
  "lobId": 36,
  "lobName": "Commercial Workers' Compensation",
  "circumstanceId": 2,
  "circumstanceName": "Domestic Violence",
  "minDays": 0,
  "maxDays": null,
  "minDate": "2021-07-26",
  "maxDate": null,
  "isCompanyDaysNotice": false
},
{
  "lobId": 36,
  "lobName": "Commercial Workers' Compensation",
  "circumstanceId": 0,
  "circumstanceName": "General Circumstances",
  "minDays": 0,
  "maxDays": null,
  "minDate": "2021-07-26",
  "maxDate": null,
  "isCompanyDaysNotice": false
}
]